Feature,Importance
Weight,0.31578190057821726
Age,0.10218181122137163
Height,0.10191177145688837
FCVC,0.09371230880671616
NCP,0.05720834876035304
Gender,0.055064534277676914
TUE,0.05487403956118684
CH2O,0.04978444821651914
FAF,0.045655651791670214
CALC,0.033505528386143305
CAEC,0.03277009624971245
family_history_with_overweight,0.03148831168849115
FAVC,0.017067175631463656
SCC,0.0063708999405785675
SMOKE,0.002623173433011064
